Scala-Nr.;R;G;B;HBW;RAL
03.03.03;231;230;224;82,3;
03.03.06;225;222;211;75,6;
03.03.09;212;211;202;67,3;RAL 9002
03.03.12;196;193;184;55,9;
03.03.15;182;179;170;47,1;RAL 7044
03.03.16;162;160;152;37,5;
03.03.18;145;142;134;29,0;RAL 7030
03.03.21;127;125;117;22,4;
03.03.24;109;106;99;16,5;RAL 7039
03.03.25;100;96;88;13,9;
03.03.27;90;84;74;10,7;RAL 7013
03.03.30;75;71;61;7,7;RAL 6014
03.06.03;243;237;217;87,6;
03.06.06;240;232;208;83,0;
03.06.09;228;220;195;74,1;
03.06.12;210;202;178;61,1;
03.06.15;177;169;149;43,2;
03.06.16;162;153;131;34,7;
03.06.18;156;145;121;30,7;
03.06.21;132;121;99;21,4;
03.06.24;107;96;76;13,7;
03.06.27;89;82;68;10,3;
03.06.30;62;60;53;6,2;
03.09.01;244;237;217;88,0;
03.09.03;245;234;204;84,5;
03.09.06;238;225;189;76,6;
03.09.09;227;210;158;67,6;
03.09.12;218;199;146;59,7;
03.09.15;189;170;121;43,4;
03.09.16;169;151;107;34,5;
03.09.18;161;143;98;30,0;
03.09.21;142;124;86;22,5;
03.09.24;117;100;70;15,0;RAL 7008
03.09.27;85;74;44;9,2;
03.12.01;246;237;199;87,3;
03.12.03;246;234;186;83,3;
03.12.06;242;222;161;75,2;
03.12.09;236;212;139;69,5;
03.12.12;224;200;123;58,7;
03.12.15;196;168;95;42,8;
03.12.16;186;159;92;38,5;
03.12.18;175;149;83;33,6;
03.12.21;143;117;60;20,8;
03.12.24;115;97;53;13,9;
03.15.01;246;237;192;87,2;
03.15.02;246;235;181;85,0;
03.15.03;244;227;160;79,7;
03.15.06;250;220;125;75,1;
03.15.09;247;209;102;68,6;
03.15.12;247;205;79;66,7;
03.15.15;211;177;56;48,0;RAL 1012
03.15.18;205;165;10;42,0;
03.15.21;175;141;29;30,9;
03.15.24;161;129;33;25,9;RAL 1027
03.18.15;234;191;22;56,8;
03.18.18;237;185;0;54,6;RAL 1021
03.21.12;250;204;44;65,3;
03.21.15;247;196;0;62,3;
03.21.18;237;183;0;53,9;RAL 1023
03.ME.01;148;147;141;~ 35;DB 704
06.06.03;235;229;214;80,2;
06.06.06;223;216;198;71,5;RAL 1013
06.06.09;215;207;187;64,9;
06.06.12;201;192;169;55,3;
06.06.15;189;179;154;47,8;
06.06.18;156;145;122;30,6;
06.06.21;139;127;108;23,7;
06.06.24;98;87;73;11,7;
06.06.27;67;61;53;6,8;
06.09.03;241;230;210;81,2;
06.09.06;236;219;186;73,4;
06.09.09;221;200;160;61,6;
06.09.12;215;195;153;59,5;RAL 1014
06.09.15;197;171;122;44,7;
06.09.18;162;140;98;28,0;
06.09.21;135;113;75;18,9;
06.09.24;111;93;64;13,0;
06.09.27;97;84;58;10,3;
06.12.01;242;237;219;87,0;
06.12.02;242;233;205;84,1;
06.12.03;238;226;190;77,6;
06.12.06;244;223;171;76,3;
06.12.09;227;201;143;61,7;
06.12.12;222;189;119;54,9;
06.12.15;210;170;99;45,3;
06.12.18;177;146;85;32,7;
06.12.21;157;123;62;23,4;
06.12.24;125;100;57;15,6;
06.15.01;246;239;209;89,2;
06.15.02;245;233;189;85,2;
06.15.03;245;228;171;80,5;
06.15.06;243;222;152;74,8;
06.15.09;241;203;117;65,0;
06.15.12;231;187;92;55,5;
06.15.15;214;166;62;43,4;
06.15.18;192;146;37;33,8;
06.15.21;151;118;41;21,8;
06.18.09;241;205;97;64,9;
06.18.12;237;191;88;57,0;
06.18.15;217;164;28;43,7;RAL 1032
06.18.18;196;145;9;33,9;RAL 1005
06.21.12;247;204;89;65,9;
06.21.15;248;180;0;54,4;
06.21.18;219;160;8;42,1;RAL 1004
09.06.02;231;230;221;80,9;
09.06.03;234;229;216;80,5;
09.06.06;229;223;210;76,1;RAL 9001
09.06.09;217;209;195;66,2;
09.06.12;204;195;177;57,2;
09.06.15;188;176;157;46,7;
09.06.18;155;144;126;30,7;
09.06.21;120;110;98;16,9;RAL 7006
09.06.24;90;79;65;9,5;
09.06.27;69;65;56;6,3;RAL 6022
09.07.03;236;228;210;81,1;
09.07.06;230;220;201;75,4;
09.07.09;218;205;182;64,9;
09.09.01;246;240;223;91,1;
09.09.02;247;237;216;88,2;
09.09.03;246;231;208;83,1;
09.09.06;235;220;193;74,9;
09.09.09;225;210;182;67,7;RAL 1015
09.09.12;209;191;159;55,6;
09.09.15;202;177;134;47,2;RAL 1001
09.09.18;163;139;102;29,5;
09.09.21;136;110;71;18,4;RAL 8000
09.09.24;94;78;56;10,0;
09.11.06;237;216;179;73,3;
09.11.09;229;206;166;66,8;
09.11.12;220;194;148;58,6;
09.11.15;203;169;119;45,6;
09.12.01;241;234;216;84,8;
09.12.02;247;231;200;84,1;
09.12.03;246;226;189;80,4;
09.12.06;243;221;178;75,7;
09.12.09;229;202;154;63,1;
09.12.12;222;191;134;56,9;
09.12.15;203;170;110;44,9;RAL 1002
09.12.18;180;145;80;32,8;RAL 1024
09.12.21;146;111;57;19,4;
09.12.24;122;94;58;14,3;
09.15.02;247;231;198;83,9;
09.15.03;248;224;177;79,9;
09.15.06;250;219;159;77,6;
09.15.07;244;211;150;71,1;
09.15.09;240;204;140;65,2;
09.15.12;229;187;112;54,7;
09.15.15;211;167;91;43,8;
09.15.18;181;135;59;29,3;
09.18.03;246;229;185;82,0;
09.18.06;246;221;156;76,7;
09.18.09;246;212;140;71,9;
09.18.12;240;191;99;58,2;
09.18.15;222;174;94;48,7;
09.18.18;212;157;77;40,3;
09.21.12;253;197;95;63,3;
09.21.15;240;169;0;48,7;RAL 1003
09.21.18;218;146;13;37,9;RAL 1006
09.24.15;250;168;0;50,3;
12.03.03;229;222;214;76,9;
12.03.06;220;212;202;69,4;
12.03.09;204;199;189;60,1;
12.03.12;186;180;171;48,8;
12.03.15;168;163;155;39,4;
12.03.18;155;151;144;33,9;
12.03.19;142;140;134;28,1;
12.03.21;129;126;121;23,1;
12.03.24;112;108;102;17,5;
12.03.27;93;87;81;12,3;
12.06.12;191;174;158;46,6;
12.06.15;181;165;149;41,3;
12.06.18;161;143;122;30,9;RAL 1019
12.06.19;149;133;117;26,7;
12.06.21;137;119;105;21,4;
12.06.24;110;94;81;13,6;
12.06.27;92;75;62;10,0;
12.09.06;235;214;186;70,9;
12.09.09;218;192;160;57,2;
12.09.12;203;176;146;48,6;
12.09.15;191;163;135;41,4;
12.09.18;170;139;109;30,5;
12.09.19;156;126;99;25,3;
12.09.21;140;111;86;19,0;
12.09.24;118;93;69;13,9;
12.09.27;99;77;58;10,0;
12.09.30;80;64;54;6,9;RAL 8014
12.09.33;42;39;40;4,3;RAL 8022
12.12.06;241;214;179;72,2;
12.12.09;232;203;161;64,5;
12.12.12;217;180;132;51,5;
12.12.15;198;158;114;39,9;
12.12.17;184;144;102;33,9;
12.12.18;171;132;86;27,6;RAL 1011
12.12.21;149;110;69;19,7;
12.12.24;132;95;61;15,1;
12.12.27;114;81;51;11,8;RAL 8008
12.13.12;226;181;118;53,3;
12.13.15;212;167;105;45,9;
12.13.18;183;137;80;31,3;
12.15.03;246;233;204;86,1;
12.15.06;247;221;182;76,8;
12.15.09;235;197;147;61,2;
12.15.12;238;187;118;56,7;
12.15.13;225;170;102;49,0;
12.15.15;216;156;83;40,8;
12.15.18;189;135;72;30,2;
12.15.21;154;103;56;18,9;RAL 8001
12.15.24;134;87;47;13,7;
12.18.02;246;227;189;81,3;
12.18.03;247;224;178;79,3;
12.18.06;250;218;162;75,6;
12.18.07;247;209;149;71,2;
12.18.09;246;201;134;65,2;
12.18.12;237;170;85;50,2;RAL 1017
12.18.15;240;154;41;44,9;RAL 1033
12.18.18;224;140;0;37,6;RAL 1007
12.18.21;173;109;42;22,2;
12.21.12;255;178;69;56,2;
12.21.15;254;157;0;46,7;RAL 1028
12.21.18;231;148;32;41,1;RAL 1037
15.03.03;237;232;222;83,5;
15.03.06;229;221;211;76,0;
15.03.09;210;200;190;61,4;
15.03.12;194;182;169;50,4;
15.03.15;174;162;151;39,6;
15.03.18;154;144;136;31,2;
15.03.21;136;126;119;23,9;
15.03.22;125;115;110;20,4;
15.03.24;117;105;99;17,2;
15.06.03;247;237;227;87,7;
15.06.06;231;223;211;76,1;
15.06.09;221;207;192;66,4;
15.06.12;208;193;177;56,1;
15.06.15;187;168;153;43,6;
15.06.16;173;156;142;37,2;
15.06.18;161;141;128;30,3;
15.06.21;151;130;116;26,0;
15.06.22;131;110;96;19,6;
15.06.24;118;93;78;13,9;RAL 8025
15.06.27;89;73;65;8,9;
15.06.30;73;56;53;6,5;RAL 8017
15.09.03;245;232;213;83,8;
15.09.06;235;222;205;76,2;
15.09.09;223;202;181;63,5;
15.09.12;216;191;167;57,0;
15.09.15;203;172;146;46,5;
15.09.17;187;154;130;38,4;
15.09.18;175;139;113;31,2;
15.09.21;149;115;93;21,8;
15.09.24;119;85;65;13,0;RAL 8024
15.09.27;98;73;59;9,4;
15.09.30;85;66;54;8,0;RAL 8028
15.12.03;239;223;200;77,0;
15.12.06;242;218;194;74,8;
15.12.09;234;203;171;65,5;
15.12.12;226;187;151;56,1;
15.12.15;211;160;117;42,4;
15.12.18;183;135;99;30,5;
15.12.21;158;109;72;20,2;
15.12.24;125;81;51;12,7;RAL 8003
15.12.27;112;76;53;10,5;RAL 8007
15.15.01;246;237;221;88,3;
15.15.03;247;232;213;85,1;
15.15.06;247;218;188;76,4;
15.15.09;242;199;158;65,1;
15.15.12;234;180;134;55,3;
15.15.15;229;164;106;46,6;
15.15.18;195;132;76;30,6;
15.15.21;167;109;60;21,5;
15.15.24;138;86;49;13,9;
15.18.06;249;218;185;76,4;
15.18.07;246;206;164;69,4;
15.18.09;252;197;142;64,3;
15.18.12;253;178;104;56,5;
15.18.15;228;157;87;44,2;RAL 1034
15.18.18;196;123;55;27,9;
15.18.21;173;108;53;21,5;
15.21.15;240;148;38;41,6;
15.21.18;204;123;39;28,9;
15.ME.01;117;96;83;~ 13;Kupfer
18.06.03;240;233;225;83,6;
18.06.06;228;219;211;74,0;
18.06.09;216;206;199;65,3;
18.06.12;199;189;183;54,6;
18.06.15;182;171;165;44,0;
18.06.17;165;156;150;36,7;
18.06.18;156;144;138;31,2;
18.06.21;130;120;117;21,5;
18.06.24;106;95;93;14,0;
18.06.27;86;75;73;9,3;
18.06.30;67;58;57;6,4;
18.06.33;58;49;48;5,6;
18.09.03;241;226;209;80,9;
18.09.06;232;213;192;71,6;
18.09.09;225;197;174;62,5;
18.09.12;219;186;161;56,1;
18.09.13;211;176;153;50,4;
18.09.15;201;164;140;43,2;
18.09.18;178;139;117;31,4;
18.09.21;150;114;96;21,1;
18.09.24;134;95;76;15,8;
18.09.25;111;75;59;11,3;
18.09.27;94;65;52;8,1;RAL 8011
18.09.30;83;57;47;7,0;
18.12.03;240;218;198;76,1;
18.12.06;249;217;192;76,0;
18.12.07;242;206;180;69,4;
18.12.09;235;197;169;62,8;
18.12.13;224;176;142;52,1;
18.12.15;215;160;124;43,2;
18.12.18;191;135;101;31,5;
18.12.21;165;114;84;22,3;
18.12.24;138;86;61;14,2;
18.12.27;116;71;54;10,0;
18.12.30;97;57;40;8,5;
18.15.09;251;192;153;64,2;
18.15.12;252;181;138;57,3;
18.15.15;233;156;110;44,3;
18.15.18;195;123;82;28,6;
18.15.21;167;105;64;20,8;
18.15.24;160;92;54;17,6;RAL 8023
18.15.27;144;80;56;13,7;
18.15.30;127;75;54;12,1;
18.15.33;104;62;46;8,8;
18.18.12;247;169;114;52,7;
18.18.15;239;149;87;42,6;
18.18.18;213;124;68;30,6;
18.21.15;248;143;69;41,7;
18.21.18;219;114;43;30,2;RAL 2011
18.24.18;243;128;9;36,7;
18.24.21;212;113;30;28,3;RAL 2000
21.06.21;148;126;119;25,4;
21.06.24;123;104;98;17,5;
21.06.27;99;83;77;11,8;
21.06.30;80;66;62;8,1;
21.06.33;58;47;44;5,6;
21.09.02;247;234;221;87,6;
21.09.03;247;233;219;85,5;
21.09.06;235;217;202;73,7;
21.09.09;225;204;188;65,5;
21.09.12;213;185;167;54,3;
21.09.15;199;167;151;44,4;
21.09.18;174;138;121;31,0;
21.09.21;151;115;101;21,8;
21.09.22;137;101;89;17,7;
21.09.24;121;82;69;12,4;RAL 8002
21.09.27;98;59;53;7,7;RAL 8015
21.12.06;252;219;199;77,1;
21.12.09;236;201;182;65,5;
21.12.12;222;180;158;53,4;
21.12.15;211;160;135;43,2;
21.12.16;199;148;125;38,0;
21.12.18;186;131;107;30,3;
21.12.21;170;107;85;21,8;
21.12.24;140;79;60;13,6;RAL 8004
21.12.27;111;65;54;9,4;
21.12.30;103;59;54;8,1;RAL 8012
21.15.12;236;178;146;55,4;
21.15.15;233;158;125;45,6;
21.15.16;217;144;111;39,3;
21.15.18;203;125;93;29,5;
21.15.21;175;96;68;19,8;
21.15.24;142;78;59;13,7;
21.15.27;129;65;48;10,6;
21.16.18;210;119;80;31,1;
21.16.21;198;108;75;25,8;
21.16.24;182;85;49;20,0;
21.18.12;251;186;153;60,2;
21.18.15;253;168;118;52,5;
21.18.16;249;150;94;46,0;
21.18.18;238;121;51;35,9;RAL 2003
21.18.21;229;109;47;30,6;RAL 2008
21.18.24;202;97;53;23,2;RAL 2010
21.ME.01;142;98;80;~ 20;
24.06.03;243;232;227;85,5;
24.06.06;232;217;207;73,5;
24.06.09;225;206;198;66,8;
24.06.12;210;191;183;57,2;
24.06.15;190;170;164;45,2;
24.06.18;164;142;135;31,3;
24.06.19;146;123;117;24,3;
24.06.22;132;110;105;19,5;
24.06.24;120;96;91;15,2;
24.06.27;96;73;74;9,7;
24.06.30;71;50;52;5,4;RAL 3007
24.09.09;230;201;190;65,4;
24.09.12;220;184;170;55,0;
24.09.15;205;166;153;45,3;
24.09.16;193;154;142;39,7;
24.09.18;181;139;126;32,3;
24.09.21;157;125;115;25,0;
24.09.24;125;86;80;13,8;
24.09.27;99;64;64;8,8;
24.09.30;81;54;48;6,7;RAL 8016
24.12.03;244;226;215;80,8;
24.12.06;250;217;203;76,7;
24.12.09;250;198;178;66,1;
24.12.12;232;181;162;56,8;
24.12.15;219;161;143;45,2;
24.12.16;208;150;130;40,5;
24.12.18;193;134;113;32,2;RAL 3012
24.12.21;167;108;93;21,5;
24.13.18;201;134;116;34,2;
24.13.21;180;109;91;24,4;
24.13.24;156;90;80;17,5;
24.15.12;246;178;154;56,0;
24.15.15;236;157;131;45,9;
24.15.18;209;123;103;30,8;
24.15.21;201;104;86;26,0;RAL 3022
24.15.24;148;77;62;14,2;
24.15.27;111;62;58;8,5;RAL 3009
24.15.30;89;50;51;6,6;
24.18.15;240;145;116;43,7;
24.18.18;218;121;99;32,9;
24.18.21;207;102;81;25,6;RAL 2012
24.18.23;186;93;74;21,3;
24.18.24;157;72;59;13,7;
24.18.27;139;73;63;12,3;
24.18.30;110;45;41;8,0;
24.21.15;233;103;66;29,6;
24.21.18;219;86;33;24,7;RAL 2004
24.21.21;212;82;18;23,9;RAL 2009
24.21.24;182;80;50;17,8;RAL 2001
24.24.21;209;75;42;20,9;
24.24.24;169;67;53;14,3;
27.09.03;237;219;211;75,6;
27.09.06;240;220;213;77,9;
27.09.09;229;204;199;66,4;
27.09.12;218;190;187;57,8;
27.09.15;200;168;165;45,7;
27.09.18;196;157;148;40,3;
27.09.19;181;139;128;33,2;
27.09.21;172;123;109;26,1;
27.09.23;148;104;97;19,7;
27.09.24;130;85;82;13,9;
27.09.27;114;64;67;9,2;
27.09.30;94;45;51;6,7;RAL 3005
27.09.33;67;37;42;5,1;
27.12.06;246;219;212;77,0;
27.12.09;235;201;194;65,8;
27.12.12;228;188;182;58,2;
27.12.15;215;164;156;46,1;
27.12.18;194;130;123;31,6;
27.12.19;185;126;116;29,3;
27.12.21;177;118;105;25,2;
27.12.23;160;100;95;20,3;
27.12.24;137;75;72;13,2;
27.12.27;123;58;60;9,4;
27.12.30;122;52;53;8,2;RAL 3011
27.13.18;204;134;124;34,7;
27.13.21;179;110;101;24,4;
27.13.24;169;94;88;19,7;
27.15.06;253;211;204;73,9;
27.15.09;251;195;186;65,4;
27.15.12;243;176;167;55,1;
27.15.15;228;164;154;47,6;
27.15.18;207;120;109;30,3;
27.15.21;179;98;91;21,0;
27.15.24;157;70;65;13,7;
27.18.15;239;151;137;44,7;
27.18.18;222;115;102;30,7;
27.18.21;188;88;81;20,3;
27.18.24;164;69;61;14,2;RAL 3016
27.18.27;149;54;49;11,4;RAL 3013
27.18.30;130;41;47;8,9;RAL 3003
27.21.18;228;109;100;30,7;
27.21.21;186;61;47;16,7;RAL 2002
27.21.24;179;54;57;14,4;
27.21.27;151;45;48;11,2;RAL 3002
27.21.30;162;57;64;13,7;RAL 3031
27.24.24;180;38;36;14,6;RAL 3020
27.24.27;162;50;48;12,9;RAL 3000
27.24.30;153;48;51;11,4;RAL 3001
30.06.06;235;220;218;76,3;
30.06.09;222;204;204;65,6;
30.06.12;212;196;197;59,9;
30.06.15;183;169;169;43,9;
30.06.18;165;146;149;33,1;
30.06.21;139;116;119;21,5;
30.06.24;115;94;97;14,3;
30.06.27;94;74;79;9,8;
30.06.30;73;58;63;6,9;
30.09.03;248;228;225;84,0;
30.09.06;242;219;219;77,1;
30.09.09;229;202;202;65,5;
30.09.12;220;183;183;55,3;
30.09.15;212;159;160;43,6;
30.09.18;199;135;135;33,6;
30.09.21;156;115;116;22,6;
30.09.24;132;92;95;15,1;
30.09.27;105;67;73;9,3;
30.09.30;78;50;56;6,1;
30.12.21;162;105;109;20,9;
30.12.24;142;82;88;14,5;
30.12.27;114;63;71;9,4;
30.12.30;86;44;54;6,1;
30.15.06;249;216;215;76,6;
30.15.09;245;199;198;66,4;
30.15.12;235;179;178;56,0;
30.15.15;224;154;153;43,7;
30.15.18;209;131;129;34,2;
30.15.21;199;116;120;28,0;RAL 3014
30.15.24;181;98;98;21,7;
30.15.27;148;75;77;14,0;
30.15.30;128;57;69;9,7;
30.15.33;99;39;52;6,4;
30.18.12;239;174;180;55,0;
30.18.15;234;145;153;42,9;
30.18.18;217;106;117;28,7;
30.18.21;198;86;96;22,4;RAL 3017
30.18.24;196;69;81;19,2;RAL 3018
30.18.27;168;49;70;13,3;RAL 3027
30.18.30;141;40;53;9,4;
30.18.33;108;44;51;7,3;RAL 3004
30.21.21;198;86;103;22,2;
30.21.24;160;70;85;14,5;
30.24.21;177;55;65;15,0;
30.24.24;156;49;62;11,9;
33.06.03;239;233;232;84,9;
33.06.06;236;223;221;78,1;
33.06.09;218;205;204;66,0;
33.06.12;204;193;193;57,1;
33.06.15;184;173;174;45,4;
33.06.17;172;161;162;39,7;
33.06.18;165;154;154;35,5;
33.06.21;154;145;144;31,4;
33.06.24;130;116;118;20,9;
33.06.27;108;95;98;14,1;
33.06.30;84;74;80;9,4;
33.09.12;226;205;208;66,8;
33.09.13;210;188;191;56,8;
33.09.15;197;172;174;47,0;
33.09.16;183;160;161;40,6;
33.09.17;168;145;150;33,4;
33.09.18;153;127;131;26,3;
33.09.21;153;116;124;23,1;
33.09.24;124;89;98;14,6;
33.09.27;101;65;76;8,9;
33.09.30;89;47;58;6,6;
33.12.06;239;222;222;78,2;
33.12.09;228;202;205;65,2;
33.12.12;225;184;189;56,8;
33.12.15;212;160;168;44,7;RAL 3015
33.12.17;190;145;152;36,7;
33.12.18;184;132;142;31,3;
33.12.21;161;108;123;22,1;
33.12.24;140;88;105;16,2;
33.12.27;111;61;80;9,4;
33.12.30;81;46;63;6,1;
33.15.21;173;101;122;21,8;
33.15.24;140;68;83;12,4;RAL 4002
33.15.27;103;40;63;7,3;RAL 4004
33.18.24;175;52;77;14,5;
33.18.27;128;39;62;9,1;
36.03.03;240;231;232;83,1;
36.03.06;230;222;223;76,3;
36.03.09;214;207;209;65,8;
36.03.12;196;187;190;53,0;
36.03.15;184;174;177;46,0;
36.03.18;155;145;148;31,3;
36.03.21;128;120;124;21,5;
36.03.24;105;96;102;14,4;
36.03.27;83;75;82;9,5;
36.03.30;65;58;65;6,5;
36.06.03;242;231;232;84,6;
36.06.06;236;219;224;75,9;
36.06.09;226;204;212;66,5;
36.06.12;217;189;200;58,1;
36.06.15;196;167;179;45,4;
36.06.18;173;138;153;31,7;
36.06.21;145;113;128;21,7;
36.06.24;121;91;106;14,6;
36.06.27;96;69;83;9,5;
36.06.30;77;53;67;6,4;
36.06.33;65;45;56;5,6;
36.09.06;238;212;222;73,1;
36.09.09;239;197;213;65,6;
36.09.12;234;179;201;56,3;
36.09.15;222;152;184;44,3;
36.09.18;194;128;157;32,2;
36.09.21;170;103;135;22,4;
36.09.24;142;77;111;14,4;
36.09.27;114;56;89;9,2;
36.09.30;86;41;69;5,7;
36.09.33;77;49;69;6,3;RAL 4007
36.09.36;58;34;48;4,8;
36.12.21;195;97;142;24,8;RAL 4003
36.12.24;159;66;116;14,8;
36.12.27;131;52;96;10,0;
36.15.21;186;69;123;18,9;RAL 4010
36.15.24;166;55;109;14,1;
36.15.27;132;51;86;9,9;
39.06.06;233;220;225;75,7;
39.06.09;221;209;213;68,4;
39.06.12;206;195;201;58,6;
39.06.15;182;173;180;45,5;
39.06.18;154;143;149;31,0;
39.06.21;135;121;129;22,5;
39.06.24;112;98;105;15,1;
39.06.27;87;73;85;9,3;
39.06.30;70;65;65;6,8;RAL 8019
39.09.09;224;206;214;67,2;
39.09.12;210;190;200;57,2;
39.09.15;191;169;183;45,3;
39.09.18;166;142;156;32,3;
39.09.21;155;132;145;27,8;RAL 4009
39.09.24;121;94;113;15,2;
39.09.27;94;65;86;8,7;
39.12.09;234;204;216;67,3;
39.12.12;217;185;203;56,2;
39.12.15;197;160;183;43,0;
39.12.18;180;138;165;33,0;
39.12.21;152;111;136;21,9;
39.12.24;126;88;114;14,6;
39.12.27;103;61;94;8,9;
39.15.09;240;219;228;76,7;
39.15.12;230;175;206;54,9;
39.15.15;221;153;194;44,4;
39.15.18;199;126;170;32,3;
39.15.21;167;107;143;23,0;
39.15.24;134;79;115;14,0;
39.15.27;117;62;99;10,2;
39.15.30;80;42;73;5,9;
39.18.21;186;97;153;23,1;
39.18.24;145;58;118;12,8;RAL 4006
42.03.03;231;230;227;82,0;
42.03.06;220;217;215;72,9;
42.03.09;211;208;205;66,5;
42.03.12;199;196;194;58,8;
42.03.15;173;169;167;42,8;
42.03.18;152;148;148;32,1;RAL 7036
42.03.21;132;129;129;24,5;
42.03.24;117;115;115;19,7;
42.03.27;105;102;103;15,7;
42.03.30;85;81;81;10,8;
42.06.03;234;233;232;83,5;
42.06.06;231;222;225;77,0;
42.06.09;215;206;211;65,2;
42.06.12;203;194;199;57,8;
42.06.15;183;173;179;45,7;
42.06.18;159;147;156;32,8;
42.06.21;135;124;130;23,2;
42.06.24;107;97;105;15,3;
42.06.27;91;77;91;10,4;
42.09.18;136;118;133;31,4;
42.09.21;137;116;138;21,9;
42.09.24;115;95;117;15,0;
42.09.27;91;70;95;9,4;
42.12.06;240;218;230;76,4;
42.12.09;227;204;218;66,8;
42.12.12;214;188;205;57,1;
42.12.15;197;164;188;44,6;
42.12.18;174;138;167;32,3;
42.12.21;147;112;143;22,0;
42.12.24;132;98;133;17,6;RAL 4001
42.15.15;205;161;194;44,9;
42.15.18;186;137;177;34,1;
42.15.21;160;108;152;22,4;
42.15.24;132;87;127;14,2;
42.15.27;100;66;101;9,5;
42.15.30;73;50;76;5,8;
42.18.15;217;151;201;44,1;
42.18.18;199;126;183;33,4;
42.18.21;172;99;162;22,7;
42.18.24;142;71;136;14,8;
42.18.27;123;51;104;10,0;
42.21.12;217;183;215;56,2;
42.21.15;202;162;205;45,5;
42.21.18;176;133;186;31,8;
42.21.21;159;108;164;23,2;
42.21.24;136;79;132;14,3;RAL 4008
42.21.27;113;58;114;9,9;
42.ME.01;151;150;147;~ 25;DB 701
45.06.03;236;234;236;84,2;
45.06.06;227;225;227;77,5;
45.06.09;211;208;213;65,8;
45.06.12;190;186;193;52,5;
45.06.15;180;177;183;46,9;
45.06.18;149;146;154;31,6;
45.06.21;129;125;133;23,4;
45.06.24;103;98;106;15,2;
45.06.27;83;79;89;9,9;
45.06.30;63;61;74;6,2;
45.09.06;234;232;236;83,5;
45.09.09;216;206;216;65,8;
45.09.12;202;190;203;56,0;
45.09.15;187;174;192;47,4;
45.09.18;165;151;168;35,3;
45.09.21;136;124;145;23,7;
45.09.24;108;97;120;14,8;
45.09.27;85;72;99;9,4;
45.09.30;70;56;87;6,6;
45.12.06;225;219;233;74,6;
45.12.09;220;211;227;69,4;
45.12.12;204;191;215;57,8;
45.12.15;185;170;200;46,0;
45.12.18;157;147;169;33,4;
45.12.21;137;119;156;22,8;
45.12.24;116;97;133;16,1;
45.12.27;90;69;109;9,5;
45.15.21;143;117;150;22,9;
45.15.24;119;93;127;14,9;
45.15.27;92;65;100;8,9;
45.18.12;206;190;220;57,7;
45.18.15;191;165;213;45,5;
45.18.18;169;137;196;32,7;
45.18.21;147;111;175;23,1;
45.18.24;122;84;151;14,8;
45.18.27;97;63;124;9,4;
45.18.30;72;45;89;6,0;
45.ME.01;140;137;134;~ 27;DB 702
48.06.06;218;221;229;74,6;
48.06.09;209;214;223;69,0;
48.06.12;192;196;204;57,2;
48.06.15;168;173;182;44,0;
48.06.18;147;151;160;33,0;
48.06.21;124;128;140;23,6;
48.06.24;96;99;113;14,6;
48.06.27;79;82;98;10,2;
48.06.30;57;58;72;6,0;
48.09.12;197;194;210;57,3;
48.09.15;180;174;196;46,3;
48.09.18;153;148;169;33,2;
48.09.21;129;123;147;23,1;
48.09.24;105;97;123;15,2;
48.09.27;82;75;100;9,4;
48.09.30;63;53;84;6,1;
48.12.09;215;209;232;68,1;
48.12.12;200;193;223;57,9;
48.12.15;179;171;199;45,0;
48.12.18;157;146;180;33,4;
48.12.21;127;106;156;19,0;RAL 4005
48.12.24;104;93;128;14,4;
48.12.27;84;73;108;9,4;
48.15.15;181;170;210;45,8;
48.15.18;159;146;192;33,9;
48.15.21;140;120;180;24,1;
48.15.24;116;91;158;15,6;
48.15.27;94;69;129;9,8;
48.15.30;74;53;103;6,7;
48.15.33;69;54;98;6,5;
48.18.24;105;80;147;12,7;
51.03.12;199;199;198;58,5;RAL 7047
51.03.18;154;154;155;34,4;RAL 7004
51.03.24;125;127;126;23,2;RAL 7037
51.06.06;220;220;226;75,4;
51.06.09;209;211;218;67,8;
51.06.12;194;195;205;57,3;
51.06.15;176;176;187;46,0;
51.06.18;152;151;162;33,9;
51.06.21;124;125;138;23,0;
51.06.24;102;103;119;15,9;
51.06.27;82;81;98;10,4;
51.06.30;58;57;71;5,9;
51.09.06;219;222;235;75,4;
51.09.09;207;211;225;67,4;
51.09.12;194;196;214;57,5;
51.09.15;174;174;196;45,7;
51.09.18;148;149;171;32,9;
51.09.21;122;123;150;22,6;
51.09.24;103;104;129;16,0;
51.09.27;81;81;107;10,1;
51.12.15;176;174;204;45,8;
51.12.18;148;149;180;33,2;
51.12.21;127;125;159;23,8;
51.12.24;106;105;144;17,0;
51.12.27;83;81;117;10,8;
51.12.30;55;55;96;5,9;RAL 5022
51.15.09;205;207;231;66,4;
51.15.12;188;190;228;55,1;
51.15.15;171;169;218;44,7;
51.15.18;156;154;203;36,6;
51.15.21;126;125;174;24,1;
51.15.24;102;98;147;15,6;
51.15.27;81;77;125;9,8;
51.15.30;64;56;112;7,0;
51.18.21;132;126;184;25,3;
51.18.24;108;101;160;16,7;
51.18.27;82;74;131;10,3;
51.ME.01;106;103;103;~ 14;DB 703
54.09.12;191;196;210;58,3;
54.09.15;168;175;195;46,0;
54.09.18;146;154;175;34,8;
54.09.21;118;126;148;23,0;
54.09.24;94;101;124;14,9;
54.09.27;72;80;106;10,3;
54.09.30;56;64;86;7,0;
54.12.06;220;226;235;76,9;
54.12.09;201;208;224;64,8;
54.12.12;187;199;221;59,3;
54.12.15;162;175;204;45,1;
54.12.18;138;151;184;33,4;
54.12.21;112;129;174;24,4;
54.12.24;86;101;150;15,5;
54.12.27;66;79;124;10,2;
54.12.30;52;62;105;7,1;
54.15.12;185;197;229;58,2;
54.15.15;132;146;183;45,8;
54.15.18;133;154;203;34,8;
54.15.21;108;129;184;24,4;
54.15.24;79;104;170;16,5;
54.15.27;62;75;133;10,6;
54.15.30;55;62;74;7,4;RAL 5002
57.06.03;226;228;227;79,0;
57.06.06;215;222;230;74,5;
57.06.09;208;216;226;69,6;
57.06.12;194;204;214;62,6;
57.06.15;168;180;192;47,2;
57.06.18;144;155;168;34,7;
57.06.21;121;131;145;24,7;
57.06.24;95;104;116;15,4;
57.06.27;74;82;95;10,2;
57.06.30;55;62;73;6,5;
57.06.33;46;47;49;4,8;RAL 9011
57.09.09;196;209;226;65,6;
57.09.12;183;195;209;55,6;
57.09.15;161;173;187;43,2;
57.09.18;139;151;171;32,5;
57.09.21;121;133;153;25,1;
57.09.24;93;104;127;15,6;
57.09.27;78;87;112;11,6;
57.09.30;56;66;86;7,4;
57.09.33;44;55;70;5,2;RAL 5011
57.09.36;36;41;54;4,4;
57.12.09;198;212;231;66,5;
57.12.12;180;198;224;57,6;
57.12.15;162;180;208;47,3;
57.12.18;137;155;187;34,6;
57.12.21;114;132;167;24,5;
57.12.24;87;104;139;16,0;
57.12.27;59;80;116;9,9;
57.12.30;52;66;92;6,4;RAL 5003
57.12.33;45;58;89;6,1;RAL 5013
57.15.12;176;195;229;56,4;
57.15.15;153;175;215;44,7;
57.15.18;130;157;201;35,4;
57.15.21;107;132;178;24,8;
57.15.24;78;103;147;15,4;
57.15.27;50;80;125;9,9;
57.15.30;36;64;102;6,9;
57.18.15;150;178;223;45,9;
57.18.18;123;156;208;34,8;
57.18.21;84;121;175;20,8;
57.18.24;68;102;155;15,0;
57.18.27;45;80;133;9,9;
57.18.30;30;63;109;6,7;
57.21.18;116;153;211;33,2;
57.21.21;101;134;192;25,5;
57.21.24;75;109;176;17,7;
57.21.27;58;95;153;13,2;
57.21.30;39;82;143;10,3;
60.03.24;143;147;150;30,9;RAL 7045
60.06.03;233;235;233;84,9;
60.06.06;223;226;230;78,2;
60.06.09;204;208;212;65,1;
60.06.12;186;192;197;54,4;
60.06.15;172;176;182;45,4;
60.06.18;151;156;161;35,0;
60.06.19;134;139;146;27,8;
60.06.21;120;124;131;22,3;
60.06.24;98;102;108;15,0;
60.06.27;85;88;94;11,3;RAL 7015
60.06.30;74;77;83;9,3;RAL 7024
60.09.03;222;231;235;81,4;
60.09.06;213;226;234;76,6;
60.09.09;192;206;217;62,5;
60.09.12;186;199;212;58,3;
60.09.15;165;179;195;46,7;
60.09.18;143;159;176;36,1;
60.09.19;124;144;167;29,4;
60.09.21;107;126;151;21,5;RAL 5014
60.09.24;86;105;127;15,5;
60.09.27;66;84;106;10,4;
60.09.30;48;63;83;6,7;
60.09.33;44;47;55;4,6;RAL 5004
60.12.09;195;212;228;66,3;
60.12.12;178;198;217;56,8;
60.12.15;154;177;204;45,3;
60.12.18;131;157;188;34,6;
60.12.21;106;134;166;24,4;
60.12.24;80;108;142;16,3;RAL 5023
60.12.27;62;84;116;10,0;RAL 5000
60.12.30;41;64;94;6,8;
60.15.09;193;213;235;67,2;
60.15.12;176;201;226;59,0;
60.15.15;146;179;216;45,6;
60.15.18;122;156;197;34,2;
60.15.21;95;133;175;24,3;
60.15.24;67;108;150;16,1;
60.15.27;43;83;124;10,0;
60.15.30;30;66;103;7,0;
60.18.12;172;202;231;58,4;
60.18.15;135;177;223;44,5;
60.18.18;113;156;204;34,2;
60.18.21;78;138;191;25,3;
60.18.24;56;112;165;17,1;
60.18.27;22;83;126;9,2;RAL 5010
60.21.18;99;157;213;33,4;
60.21.21;58;135;197;24,2;
60.21.24;31;115;175;17,2;
60.21.27;9;85;137;10,0;RAL 5005
60.ME.01;170;171;170;~ 53;RAL 9006
63.03.15;153;158;162;36,1;RAL 7040
63.03.18;140;148;155;31,5;RAL 7001
63.03.21;128;134;139;25,5;RAL 7046
63.06.03;219;228;237;80,5;
63.06.06;206;219;229;72,8;
63.06.09;196;209;220;66,3;
63.06.12;187;201;213;60,4;
63.06.15;167;179;191;46,9;
63.06.18;142;153;164;33,8;
63.06.21;114;125;135;22,3;
63.06.24;93;105;116;15,6;
63.06.27;71;82;94;9,9;
63.06.30;58;68;77;6,9;RAL 5008
63.06.33;56;58;61;6,2;RAL 7021
63.09.03;216;233;239;81,4;
63.09.06;207;227;234;76,2;
63.09.09;185;206;216;62,0;
63.09.12;177;204;219;60,1;
63.09.15;158;182;197;47,0;
63.09.18;134;157;174;34,5;
63.09.21;104;130;147;23,0;
63.09.24;79;106;125;15,4;
63.09.27;64;87;104;11,2;
63.12.03;208;224;227;74,7;
63.12.06;196;226;237;73,8;
63.12.09;172;210;231;62,8;
63.12.12;146;184;208;47,3;
63.12.15;124;164;189;36,6;
63.12.18;105;147;172;28,3;RAL 5024
63.12.21;96;135;162;24,4;
63.12.24;71;108;141;15,0;RAL 5007
63.12.27;44;84;113;10,0;
63.12.30;33;63;90;6,7;
63.15.12;162;203;227;57,6;
63.15.15;131;185;215;46,8;
63.15.18;111;165;202;36,7;
63.15.21;81;137;173;24,9;
63.15.24;53;112;149;16,2;
63.15.27;55;97;122;11,7;RAL 5009
63.18.12;149;204;232;57,3;
63.18.15;109;185;225;45,3;
63.18.18;90;165;211;36,2;
63.18.21;52;135;181;23,5;RAL 5012
63.18.24;35;125;176;18,9;RAL 5015
63.18.27;33;97;134;11,9;RAL 5019
63.21.27;0;94;142;11,3;RAL 5017
63.ME.01;163;169;174;~ 13;
66.03.03;219;222;217;75,6;
66.03.06;214;220;216;72,9;
66.03.09;197;206;206;63,5;
66.03.12;188;198;200;58,3;
66.03.15;171;183;187;48,9;
66.03.18;146;161;169;37,0;
66.06.03;212;228;230;78,9;
66.06.06;210;225;228;75,4;
66.06.09;193;211;218;65,6;
66.06.12;180;199;206;57,5;
66.06.15;155;173;182;42,6;
66.06.18;138;154;164;33,5;
66.06.21;125;136;143;26,1;RAL 7000
66.06.24;96;107;113;16,3;RAL 7031
66.06.27;68;82;92;9,6;
66.06.30;50;63;70;6,4;
66.09.12;177;201;209;57,9;
66.09.15;156;181;192;46,0;
66.09.18;125;153;169;32,3;
66.09.21;95;129;145;22,4;
66.09.24;73;105;122;14,9;
66.09.27;51;80;96;9,1;
66.09.30;40;65;79;6,6;
66.12.03;210;229;234;78,4;
66.12.06;202;227;237;75,9;
66.12.09;191;219;231;69,8;
66.12.12;163;200;216;56,2;
66.12.15;132;185;207;46,1;
66.12.18;104;156;178;32,1;
66.12.21;82;135;159;23,4;
66.12.24;60;111;135;15,9;
66.12.27;37;86;111;10,1;
66.12.30;14;73;93;7,6;
66.15.09;163;211;230;62,3;
66.15.12;144;202;225;55,7;
66.15.15;109;190;222;47,3;
66.15.18;78;164;195;34,2;
66.15.21;52;138;171;23,8;
66.15.24;21;114;145;16,0;
66.15.27;0;92;124;10,7;
66.15.30;39;79;103;8,5;RAL 5001
66.18.12;132;206;232;56,9;
66.18.15;87;187;223;45,0;
66.18.18;11;165;206;33,4;
66.18.21;0;142;185;24,7;
66.18.24;0;115;158;15,7;
66.18.27;0;96;134;11,5;
69.03.03;231;237;234;85,4;
69.03.06;215;223;222;73,7;
69.03.09;198;208;206;63,5;
69.03.12;178;189;191;51,9;
69.03.15;164;174;175;43,5;
69.03.18;142;151;153;32,6;
69.03.21;118;126;128;22,4;
69.03.24;93;102;105;15,1;
69.03.27;78;86;91;11,1;
69.03.30;52;62;67;6,5;
69.06.09;191;206;207;62,9;
69.06.12;174;192;193;53,7;
69.06.15;158;176;178;44,1;
69.06.18;132;151;152;31,7;
69.06.21;109;127;133;22,2;
69.06.24;83;105;110;15,1;
69.06.27;67;85;90;10,5;
69.06.30;64;74;76;8,2;RAL 7026
69.06.33;49;60;63;6,5;
69.06.36;33;44;47;4,9;
69.09.12;178;202;209;58,5;
69.09.15;147;183;194;46,1;
69.09.18;119;155;169;32,4;
69.09.21;90;134;143;22,9;
69.09.24;65;106;118;14,9;
69.09.27;51;85;95;9,9;
69.09.30;38;70;79;6,9;
69.12.06;202;229;234;76,7;
69.12.09;183;215;223;66,1;
69.12.12;164;205;216;58,4;
69.12.15;127;187;207;46,8;
69.12.18;102;161;182;33,8;
69.12.21;74;137;158;23,6;
69.12.24;52;109;130;15,1;
69.12.27;28;88;109;9,7;
69.12.30;3;69;90;7,0;
69.15.06;194;229;237;74,7;
69.15.09;174;213;225;64,0;
69.15.12;148;206;223;57,2;
69.15.15;110;187;211;45,4;
69.15.18;78;168;197;35,5;
69.15.21;44;142;174;24,7;
69.15.24;0;117;146;16,4;
69.15.27;0;94;121;10,9;
69.18.03;205;232;232;78,7;
69.18.06;190;230;232;74,5;
69.18.09;161;221;225;67,0;
69.18.12;127;208;219;57,3;
69.18.15;75;188;206;44,3;
69.18.18;30;169;194;34,8;
69.18.21;0;146;172;24,7;
69.18.24;0;123;144;17,1;
69.18.27;0;93;117;10,6;
69.21.09;157;221;223;65,9;
69.21.12;113;206;210;54,4;
69.21.15;69;190;198;44,2;
69.21.18;40;173;185;35,8;
69.21.21;0;150;164;25,3;
69.21.24;0;120;135;16,4;
69.21.27;0;95;110;10,8;
69.24.24;0;118;140;15,7;
72.06.24;94;100;102;13,9;RAL 7012
72.06.27;88;94;98;12,0;RAL 7011
72.06.30;63;69;73;7,8;RAL 7016
72.09.03;208;224;219;76,2;
72.09.06;200;227;225;74,3;
72.09.09;178;212;208;63,0;
72.09.12;157;197;195;53,1;
72.09.15;125;172;172;38,9;RAL 6034
72.09.18;119;161;165;34,1;
72.09.21;96;134;139;23,3;
72.09.24;68;109;116;15,3;
72.09.27;50;87;91;10,2;
72.09.30;28;77;85;7,8;
72.12.06;197;229;231;75,4;
72.12.09;171;217;221;65,7;
72.12.12;148;205;211;56,6;
72.12.15;128;184;193;44,7;
72.12.18;96;161;174;33,1;
72.12.21;65;135;152;22,8;
72.12.24;42;114;132;16,1;
72.12.27;17;88;104;10,1;
72.12.30;0;70;86;7,0;
72.15.15;113;187;188;44,6;
72.15.18;88;166;165;34,1;
72.15.21;44;142;143;22,8;RAL 5018
72.15.24;25;114;119;15,4;
72.15.27;14;93;102;10,4;
72.15.30;14;73;81;7,0;RAL 5020
72.18.09;147;221;211;64,9;
72.18.12;113;211;199;56,2;
72.18.15;58;192;183;44,4;
72.18.18;23;175;168;35,7;
72.18.21;0;149;145;25,0;
72.18.24;0;120;121;15,9;RAL 5021
72.18.27;0;95;103;10,3;
72.21.18;0;171;175;34,1;
72.21.21;0;137;142;21,1;
72.21.24;0;122;129;16,6;
72.ME.01;174;184;183;~ 49;
75.01.09;195;197;190;58,3;
75.01.12;185;188;181;52,5;
75.03.03;236;237;232;86,6;RAL 9016
75.03.06;213;214;208;69,2;
75.03.09;198;202;197;61,1;RAL 9018
75.03.12;196;198;196;57,9;RAL 7035
75.03.15;175;177;170;44,7;RAL 7038
75.03.18;142;146;146;30,3;RAL 7042
75.03.21;123;128;126;23,4;
75.03.24;109;112;110;18,0;RAL 7005
75.03.27;83;87;86;11,6;RAL 7043
75.06.03;229;237;231;84,4;
75.06.06;218;224;220;75,7;
75.06.09;204;213;209;67,0;
75.06.12;186;197;194;56,7;
75.06.15;165;178;176;44,8;
75.06.18;138;150;149;31,7;
75.06.21;118;129;127;23,4;
75.06.24;94;105;104;15,7;
75.06.27;71;81;82;9,4;
75.09.03;224;237;230;83,1;
75.09.06;212;229;221;77,7;
75.09.09;193;215;207;66,5;
75.09.12;178;199;192;56,6;
75.09.15;156;180;175;45,0;
75.09.18;135;157;152;33,8;
75.09.21;110;131;126;23,4;
75.09.24;86;106;102;15,2;
75.09.27;45;71;68;7,1;
75.09.30;34;53;50;5,6;
75.12.06;201;228;222;75,2;
75.12.09;181;217;211;65,8;
75.12.12;156;203;197;56,2;
75.12.15;128;185;181;44,1;RAL 6027
75.12.18;116;159;153;32,9;
75.12.21;94;138;135;24,1;
75.12.24;73;111;110;15,6;
75.12.27;33;75;74;7,6;RAL 6004
75.15.09;179;217;206;65,6;
75.15.12;160;203;192;56,2;
75.15.15;139;184;174;45,2;
75.15.18;114;164;155;34,5;
75.15.21;76;136;128;22,5;RAL 6033
75.15.24;69;111;105;15,5;
75.15.27;47;85;84;9,5;
75.18.03;201;236;225;80,6;
75.18.06;177;230;217;72,9;
75.18.09;139;219;202;63,0;
75.18.12;101;207;186;53,2;
75.18.15;44;193;172;43,6;
75.18.18;0;178;161;35,9;
75.18.21;0;151;136;24,7;
75.18.24;0;122;114;16,5;
75.18.27;0;96;90;10,5;
75.21.24;0;111;94;13,2;
75.ME.01;179;181;178;~ 16;
75.ME.02;141;140;137;~ 29;RAL 9007
78.01.03;227;233;229;83,3;
78.01.06;213;218;214;72,2;
78.01.09;199;203;199;62,0;
78.01.12;177;181;178;48,4;
78.01.15;154;159;157;36,5;
78.01.18;134;139;138;28,0;
78.01.21;117;121;120;21,3;
78.01.24;98;102;101;15,4;
78.01.27;79;82;82;10,3;
78.01.30;67;70;69;8,4;
78.01.33;48;53;52;5,9;
78.03.03;227;236;225;84,0;
78.03.06;216;227;218;76,2;
78.03.09;194;206;195;62,1;
78.03.12;183;199;188;57,0;
78.03.15;161;181;169;45,8;
78.03.18;132;153;143;31,7;
78.03.21;109;128;120;22,2;
78.03.24;85;101;95;14,3;
78.03.27;59;79;77;9,3;
78.03.30;59;71;69;6,9;RAL 6012
78.06.03;223;238;222;84,0;
78.06.06;204;230;212;76,3;
78.06.09;175;217;193;64,1;
78.06.12;149;201;174;53,3;
78.06.15;141;185;160;45,2;
78.06.18;115;163;138;33,1;
78.06.21;72;138;110;22,8;
78.06.24;65;119;99;17,0;RAL 6000
78.06.27;56;89;75;10,0;RAL 6028
78.06.30;40;68;56;7,2;
78.09.03;219;230;219;79,6;
78.09.06;204;228;215;75,1;
78.09.09;185;215;200;65,2;
78.09.12;164;203;185;56,3;
78.09.15;134;182;164;43,5;
78.09.18;114;162;145;33,3;
78.09.21;90;134;113;22,6;
78.09.24;71;110;93;15,0;
78.12.12;146;205;182;55,2;
78.12.15;112;187;160;43,6;
78.12.18;84;166;138;33,0;
78.12.21;0;148;126;24,8;
78.12.24;0;120;100;15,7;
78.12.27;0;97;82;10,5;RAL 6026
78.15.15;111;186;165;43,5;
78.15.18;88;167;146;33,8;
78.15.21;70;142;120;24,0;
78.15.24;44;112;93;14,8;
78.15.27;25;88;77;9,5;
78.18.03;186;235;216;77,9;
78.18.06;172;232;209;73,6;
78.18.09;144;220;192;63,3;
78.18.12;104;209;176;53,6;
78.18.15;67;195;160;45,1;
78.18.18;33;175;140;34,8;
78.18.21;0;150;115;24,4;
78.18.24;0;125;89;16,5;
81.03.03;230;235;228;84,0;
81.03.06;219;227;220;76,6;
81.03.09;192;200;195;59,1;
81.03.12;176;185;180;49,7;
81.03.15;168;177;172;45,0;
81.03.16;153;161;156;37,4;
81.03.18;139;147;141;30,6;
81.03.21;117;125;119;22,4;
81.03.24;98;107;102;16,1;
81.03.27;72;83;79;10,2;
81.03.30;56;63;61;6,2;
81.03.33;34;46;46;5,0;
81.06.03;230;238;224;85,0;
81.06.06;212;223;209;74,1;
81.06.09;203;212;196;66,0;
81.06.12;182;197;182;55,6;
81.06.15;158;175;159;42,9;
81.06.16;147;163;147;37,1;
81.06.18;136;151;135;31,6;
81.06.21;110;125;109;21,2;
81.06.24;83;99;83;13,3;
81.06.27;71;81;71;9,5;
81.06.30;50;63;55;6,1;RAL 6009
81.06.33;42;55;49;5,8;
81.09.03;227;238;210;83,6;
81.09.06;213;227;200;74,9;
81.09.09;197;216;183;66,9;
81.09.12;181;204;171;57,8;RAL 6019
81.09.15;154;183;149;45,4;
81.09.16;141;171;139;39,1;
81.09.18;129;160;126;33,6;
81.09.21;99;131;105;21,6;
81.09.24;71;101;79;13,1;
81.09.27;57;84;67;9,7;
81.09.30;33;73;60;7,0;RAL 6005
81.12.06;200;231;173;75,5;
81.12.09;185;212;163;62,6;
81.12.12;164;202;148;54,4;
81.12.15;139;186;127;44,2;
81.12.16;129;173;118;38,1;
81.12.18;114;154;104;29,9;
81.12.21;111;139;107;24,6;
81.12.24;83;103;79;13,4;
81.12.27;61;82;62;9,1;
81.12.30;52;71;59;7,0;
81.12.33;53;60;49;6,2;RAL 6007
81.15.09;151;223;186;65,0;
81.15.12;115;209;160;53,9;
81.15.15;69;194;137;43,4;
81.15.18;0;180;122;35,9;
81.15.21;15;147;95;23,7;
81.15.24;0;134;85;19,5;RAL 6024
81.15.27;38;130;86;18,5;RAL 6032
81.15.30;0;108;80;12,9;RAL 6016
81.18.12;151;215;163;59,7;
81.18.15;104;199;120;47,2;
81.18.18;74;169;96;33,2;
81.18.21;0;148;76;23,3;
81.18.24;0;121;75;15,2;
81.18.27;0;113;65;13,8;RAL 6029
81.18.30;0;97;59;10,1;
81.18.33;5;87;63;8,9;
84.03.24;128;128;120;23,1;RAL 7023
84.06.03;230;234;218;82,3;
84.06.06;223;225;205;76,7;
84.06.09;218;224;205;74,8;
84.06.12;205;211;191;65,6;
84.06.15;193;200;178;58,3;
84.06.18;174;180;157;46,4;
84.06.21;142;151;127;31,7;
84.06.24;128;132;119;24,1;RAL 7033
84.06.25;108;113;99;18,1;
84.06.27;93;99;84;13,8;
84.06.30;75;81;70;9,6;
84.09.09;220;226;195;75,3;
84.09.12;199;211;173;64,0;
84.09.15;192;203;160;58,1;
84.09.18;163;180;140;44,8;
84.09.21;138;154;114;32,1;
84.09.24;134;155;122;31,9;RAL 6021
84.09.27;107;127;94;20,7;RAL 6011
84.09.30;70;85;62;9,9;
84.09.33;62;74;58;8,3;RAL 6020
84.12.18;159;184;117;45,5;
84.12.21;124;158;84;31,2;
84.12.24;107;133;84;22,3;
84.12.27;91;113;66;16,0;RAL 6025
84.12.30;60;85;51;9,8;
84.15.09;210;232;170;77,3;
84.15.12;192;222;151;68,9;
84.15.15;174;206;128;56,6;
84.15.18;146;188;98;44,6;
84.15.21;108;159;66;30,2;
84.15.24;93;130;61;20,3;
84.15.27;77;115;64;14,9;RAL 6010
84.15.30;56;96;56;11,1;RAL 6002
84.18.09;194;232;174;74,3;
84.18.12;163;220;141;63,2;
84.18.15;139;212;120;56,4;
84.18.18;113;199;91;47,5;
84.18.21;90;169;77;33,1;
84.18.24;87;130;69;20,1;RAL 6017
84.18.27;59;108;64;13,3;RAL 6001
84.21.03;218;235;199;80,9;
84.21.06;212;230;185;77,5;
84.21.09;210;233;151;76,7;
84.21.12;186;225;122;67,6;
84.21.15;162;207;95;56,1;
84.21.18;142;191;79;45,4;
84.21.21;113;164;39;32,1;
84.21.24;91;155;66;27,2;RAL 6018
84.21.27;44;141;51;21,8;
84.21.30;14;112;56;14,0;
84.ME.01;125;131;117;~ 22;DB 601
87.03.03;234;235;225;84,3;
87.03.06;221;222;212;74,5;
87.03.09;199;200;191;59,7;
87.03.12;186;188;177;51,9;
87.03.15;174;176;165;44,9;
87.03.18;147;148;138;31,6;
87.03.21;124;126;116;22,3;
87.03.24;102;103;93;15,5;
87.03.27;84;85;77;11,0;
87.03.30;66;68;62;7,1;RAL 6015
87.06.03;234;236;217;84,4;
87.06.06;223;226;202;76,3;
87.06.09;207;211;187;65,6;
87.06.12;193;197;172;56,3;
87.06.15;172;177;149;44,6;
87.06.18;148;150;130;32,1;
87.06.21;124;127;109;22,7;
87.06.24;95;99;80;13,7;
87.09.03;232;237;200;83,6;
87.09.06;220;229;173;76,3;
87.09.09;203;212;154;64,6;
87.09.12;189;196;150;55,2;
87.09.15;170;180;129;45,0;
87.09.18;145;152;104;31,6;
87.09.21;121;129;91;22,6;
87.09.24;95;102;67;14,4;
87.09.27;75;85;60;10,1;
87.12.09;197;216;139;67,1;
87.12.12;190;200;133;56,3;
87.12.15;165;180;108;44,0;
87.12.18;148;160;95;34,2;
87.12.21;114;126;72;20,6;
87.12.24;95;105;60;14,3;
87.12.27;67;81;44;9,2;
87.15.03;232;237;184;83,0;
87.15.06;227;238;166;81,7;
87.15.09;210;230;128;72,4;
87.15.12;196;219;82;64,3;
87.15.15;162;185;62;45,4;
87.15.18;151;166;24;35,0;
87.15.21;122;139;39;24,0;
87.18.15;185;213;43;60,0;
87.18.18;161;188;33;45,1;
87.ME.01;174;172;159;~ 14;
90.03.06;221;220;205;73,9;
90.03.09;205;205;188;62,9;
90.03.15;186;185;169;50,4;
90.03.18;179;176;160;44,4;RAL 7032
90.03.19;151;151;139;32,9;
90.03.21;120;119;106;20,2;RAL 7003
90.03.24;96;100;92;13,2;RAL 7009
90.03.27;90;94;90;12,8;RAL 7010
90.03.30;82;81;77;9,8;RAL 7022
90.06.03;235;234;216;84,7;
90.06.06;223;224;201;75,2;
90.06.09;213;211;187;66,5;
90.06.12;192;192;170;54,5;
90.06.15;179;177;151;45,5;
90.06.18;149;147;123;30,7;
90.06.21;127;125;103;22,3;
90.06.24;99;99;80;14,1;
90.06.27;79;80;66;9,5;
90.06.30;70;70;62;7,2;RAL 6006
90.06.33;63;62;54;6,0;RAL 6008
90.09.03;236;239;207;86,5;
90.09.06;223;225;191;76,1;
90.09.09;209;207;171;64,0;
90.09.12;200;198;151;57,6;
90.09.15;175;175;124;43,8;
90.09.18;151;150;102;31,3;
90.09.21;130;126;86;22,1;
90.09.24;101;101;66;14,1;
90.09.27;83;88;67;10,6;RAL 6003
90.12.06;224;226;175;75,5;
90.12.09;210;212;156;66,4;
90.12.12;201;202;123;58,1;
90.12.15;180;176;89;43,8;
90.12.18;152;148;64;30,0;
90.12.21;126;124;45;21,2;
90.12.24;103;103;51;15,0;
90.15.06;220;226;121;74,9;
90.15.09;205;214;90;64,5;
90.15.12;190;200;50;55,2;
90.15.15;183;177;1;42,6;
90.18.12;194;203;33;57,2;
90.ME.01;176;171;145;~ 41;
93.03.03;233;235;232;84,2;RAL 9003
93.03.06;236;235;225;85,5;RAL 9010
93.03.09;223;223;205;75,2;
93.03.12;217;211;188;67,3;
93.03.15;200;195;174;56,8;
93.03.18;178;171;145;43,1;
93.03.21;144;137;113;27,4;RAL 7034
93.03.24;130;124;104;22,2;RAL 7002
93.03.27;99;94;77;12,9;
93.03.30;83;79;65;9,5;
93.03.33;72;67;61;7,4;
93.06.06;241;239;226;89,2;
93.06.09;237;232;214;83,7;
93.06.12;225;221;194;73,5;
93.06.15;213;208;180;64,9;
93.06.18;201;197;169;57,8;
93.06.21;183;176;147;45,4;
93.06.24;150;146;122;30,6;
93.06.27;122;119;92;20,1;RAL 6013
93.06.30;105;103;86;15,1;
93.06.33;86;85;71;10,5;
93.09.12;226;224;181;75,2;
93.09.15;209;209;161;65,4;
93.09.18;205;199;146;58,0;
93.09.21;181;172;121;43,1;
93.09.24;157;150;102;32,0;
93.09.27;135;126;80;22,4;
93.09.30;104;97;62;13,6;
93.09.33;83;78;52;9,7;
93.12.12;229;224;165;75,6;
93.12.15;221;212;142;67,5;
93.12.18;211;198;121;57,6;
93.12.21;183;172;104;43,2;
93.12.24;152;142;75;28,1;
93.12.27;132;122;60;20,6;
93.15.06;243;243;204;90,0;
93.15.09;242;241;186;87,7;
93.15.12;240;230;131;79,3;
93.15.15;230;216;98;69,6;
93.15.18;217;199;63;58,0;
93.15.21;187;175;48;43,9;
93.15.24;161;146;37;29,8;
93.18.15;225;221;64;72,5;RAL 1016
93.18.18;229;210;20;64,6;
96.09.03;245;240;213;88,4;
96.09.06;231;224;183;75,6;
96.09.09;219;209;161;65,8;
96.09.12;215;202;147;60,2;
96.09.15;199;186;137;50,5;RAL 1000
96.09.18;155;142;101;29,7;RAL 1020
96.09.21;134;123;80;21,4;
96.09.24;110;101;63;14,7;
96.12.01;240;236;219;87,0;
96.12.02;238;234;213;85,0;
96.12.03;236;232;207;82,1;
96.12.06;231;222;183;74,2;
96.12.09;226;212;147;68,0;
96.12.12;215;199;125;59,1;
96.12.15;193;174;101;44,4;
96.12.18;161;146;79;30,3;
96.12.21;134;119;61;20,2;
96.15.06;237;225;177;77,2;
96.15.09;230;212;130;68,3;
96.15.12;221;198;100;58,8;
96.15.15;196;172;71;44,0;
96.15.18;164;146;57;30,3;
96.18.01;241;236;214;86,9;
96.18.02;243;233;188;84,3;
96.18.03;245;230;168;81,9;
96.18.06;241;223;148;75,8;
96.18.09;229;207;97;64,9;
96.18.12;224;199;92;59,4;
96.18.15;201;171;47;43,2;
96.18.18;168;149;28;32,4;
96.21.06;246;227;141;79,7;
96.21.09;237;209;84;66,7;
96.21.12;231;201;67;61,4;
96.21.15;203;178;25;46,8;
96.24.09;239;204;63;63,3;RAL 1018
96.24.12;241;210;22;67,6;
99.00.03;236;236;230;85,9;
99.00.06;231;231;227;82,7;
99.00.09;224;225;222;78,0;
99.00.12;212;213;211;69,0;
99.00.15;200;201;200;61,7;
99.00.18;193;194;194;56,9;
99.00.21;182;183;183;50,2;
99.00.24;173;175;175;45,2;
99.00.27;160;161;162;38,2;
99.00.30;151;152;153;33,6;
99.00.33;143;144;145;30,1;
99.00.36;130;131;131;24,7;
99.00.39;122;124;125;22,3;
99.00.42;115;117;118;19,8;
99.00.45;105;106;107;16,3;
99.00.48;95;96;99;13,9;
99.00.51;86;87;91;11,7;
99.00.54;77;77;80;9,7;
99.00.57;71;71;74;8,1;
99.00.60;63;63;67;7,0;
99.00.63;57;58;60;5,6;RAL 9004
99.00.66;54;54;55;4,5;RAL 9017
99.00.69;23;24;25;4,2;RAL 9005
